{"count":1,"self":35.4580256,"total":36.0821901,"children":{"InitializeActuators":{"count":16,"self":0.0010003,"total":0.0010003,"children":null},"InitializeSensors":{"count":16,"self":0.0030007,"total":0.0030007,"children":null},"AgentSendState":{"count":1584,"self":0.2080632,"total":0.2290702,"children":{"CollectObservations":{"count":5072,"self":0.0060035999999999996,"total":0.0060035999999999996,"children":null},"WriteActionMask":{"count":5072,"self":0.0010006,"total":0.0010006,"children":null},"RequestDecision":{"count":5072,"self":0.0140028,"total":0.0140028,"children":null}}},"DecideAction":{"count":1584,"self":0.21703989999999998,"total":0.2380458,"children":{"RayPerceptionSensor.Perceive":{"count":15216,"self":0.021005899999999997,"total":0.021005899999999997,"children":null}}},"AgentAct":{"count":1584,"self":0.15204879999999998,"total":0.15204879999999998,"children":null}},"gauges":{"Pyramids.CumulativeReward":{"count":3,"max":-0.0125999935,"min":-0.0139999911,"runningAverage":-0.0131333256,"value":-0.0139999911,"weightedAverage":-0.0129874926}},"metadata":{"timer_format_version":"0.1.0","start_time_seconds":"1635605459","unity_version":"2020.3.20f1","command_line_arguments":"C:\\Program Files\\Unity\\Hub\\Editor\\2020.3.20f1\\Editor\\Unity.exe -projectpath D:\/UnityProjects\/KSC -useHub -hubIPC -cloudEnvironment production -hubSessionId b39670e0-38c0-11ec-85f5-cdc3d4222e67 -accessToken Zs5h5rRjoWIv4Q15SSUX4ZXdDhciP3MetlPQSXw4kWQ00df","communication_protocol_version":"1.5.0","com.unity.ml-agents_version":"2.1.0-exp.1","scene_name":"SampleScene","end_time_seconds":"1635605495"}}