{
    "name": "root",
    "gauges": {
        "KSC_Curiosity.Policy.Entropy.mean": {
            "value": 1.298749327659607,
            "min": 1.2266755104064941,
            "max": 2.1274149417877197,
            "count": 30
        },
        "KSC_Curiosity.Policy.Entropy.sum": {
            "value": 64999.8046875,
            "min": 61558.94140625,
            "max": 106915.3671875,
            "count": 30
        },
        "KSC_Curiosity.Environment.EpisodeLength.mean": {
            "value": 599.0,
            "min": 579.2470588235294,
            "max": 599.0,
            "count": 30
        },
        "KSC_Curiosity.Environment.EpisodeLength.sum": {
            "value": 48519.0,
            "min": 47920.0,
            "max": 57504.0,
            "count": 30
        },
        "KSC_Curiosity.Step.mean": {
            "value": 1499981.0,
            "min": 49945.0,
            "max": 1499981.0,
            "count": 30
        },
        "KSC_Curiosity.Step.sum": {
            "value": 1499981.0,
            "min": 49945.0,
            "max": 1499981.0,
            "count": 30
        },
        "KSC_Curiosity.Policy.ExtrinsicValueEstimate.mean": {
            "value": -0.16156254708766937,
            "min": -0.1757693886756897,
            "max": -0.0953325480222702,
            "count": 30
        },
        "KSC_Curiosity.Policy.ExtrinsicValueEstimate.sum": {
            "value": -67.21002197265625,
            "min": -73.12006378173828,
            "max": -39.7536735534668,
            "count": 30
        },
        "KSC_Curiosity.Policy.CuriosityValueEstimate.mean": {
            "value": 0.24251200258731842,
            "min": 0.23340661823749542,
            "max": 1.513628602027893,
            "count": 30
        },
        "KSC_Curiosity.Policy.CuriosityValueEstimate.sum": {
            "value": 100.88499450683594,
            "min": 97.33055877685547,
            "max": 631.18310546875,
            "count": 30
        },
        "KSC_Curiosity.Environment.CumulativeReward.mean": {
            "value": -0.9253992605724453,
            "min": -0.9999167555943131,
            "max": -0.8873542470857501,
            "count": 30
        },
        "KSC_Curiosity.Environment.CumulativeReward.sum": {
            "value": -74.95734010636806,
            "min": -95.99200853705406,
            "max": -70.98833976686001,
            "count": 30
        },
        "KSC_Curiosity.Policy.ExtrinsicReward.mean": {
            "value": -0.9253992605724453,
            "min": -0.9999167555943131,
            "max": -0.8873542470857501,
            "count": 30
        },
        "KSC_Curiosity.Policy.ExtrinsicReward.sum": {
            "value": -74.95734010636806,
            "min": -95.99200853705406,
            "max": -70.98833976686001,
            "count": 30
        },
        "KSC_Curiosity.Policy.CuriosityReward.mean": {
            "value": 1.4661817233319636,
            "min": 1.3642292469739914,
            "max": 12.777390941614058,
            "count": 30
        },
        "KSC_Curiosity.Policy.CuriosityReward.sum": {
            "value": 118.76071958988905,
            "min": 113.45255814492702,
            "max": 1047.7460572123528,
            "count": 30
        },
        "KSC_Curiosity.Losses.PolicyLoss.mean": {
            "value": 0.04852729042188335,
            "min": 0.045220306791092325,
            "max": 0.05032496202782366,
            "count": 30
        },
        "KSC_Curiosity.Losses.PolicyLoss.sum": {
            "value": 1.116127679703317,
            "min": 0.8715864068364853,
            "max": 1.1374689673927303,
            "count": 30
        },
        "KSC_Curiosity.Losses.ValueLoss.mean": {
            "value": 0.0004782969014741689,
            "min": 0.00020245790204107193,
            "max": 0.039348237528237386,
            "count": 30
        },
        "KSC_Curiosity.Losses.ValueLoss.sum": {
            "value": 0.011000828733905885,
            "min": 0.004454073844903582,
            "max": 0.708268275508273,
            "count": 30
        },
        "KSC_Curiosity.Policy.LearningRate.mean": {
            "value": 0.0002557701603954587,
            "min": 0.0002557701603954587,
            "max": 0.0002992279969240011,
            "count": 30
        },
        "KSC_Curiosity.Policy.LearningRate.sum": {
            "value": 0.00588271368909555,
            "min": 0.005332830442389859,
            "max": 0.006246213437928959,
            "count": 30
        },
        "KSC_Curiosity.Policy.Epsilon.mean": {
            "value": 0.18525671521739132,
            "min": 0.18525671521739132,
            "max": 0.19974266555555556,
            "count": 30
        },
        "KSC_Curiosity.Policy.Epsilon.sum": {
            "value": 4.26090445,
            "min": 3.57761014,
            "max": 4.48207104,
            "count": 30
        },
        "KSC_Curiosity.Policy.Beta.mean": {
            "value": 0.008527145850217391,
            "min": 0.008527145850217391,
            "max": 0.009974292289,
            "count": 30
        },
        "KSC_Curiosity.Policy.Beta.sum": {
            "value": 0.196124354555,
            "min": 0.17776325298600001,
            "max": 0.208238896896,
            "count": 30
        },
        "KSC_Curiosity.Losses.CuriosityForwardLoss.mean": {
            "value": 0.11973050912473225,
            "min": 0.11356788759664205,
            "max": 2.343390768540339,
            "count": 30
        },
        "KSC_Curiosity.Losses.CuriosityForwardLoss.sum": {
            "value": 2.7538017098688417,
            "min": 2.557746237683226,
            "max": 42.1810338337261,
            "count": 30
        },
        "KSC_Curiosity.Losses.CuriosityInverseLoss.mean": {
            "value": 0.6549739412927397,
            "min": 0.6267779176865799,
            "max": 1.411872933782347,
            "count": 30
        },
        "KSC_Curiosity.Losses.CuriosityInverseLoss.sum": {
            "value": 15.064400649733011,
            "min": 14.415892106791338,
            "max": 25.413712808082245,
            "count": 30
        },
        "KSC_Curiosity.IsTraining.mean": {
            "value": 1.0,
            "min": 1.0,
            "max": 1.0,
            "count": 30
        },
        "KSC_Curiosity.IsTraining.sum": {
            "value": 1.0,
            "min": 1.0,
            "max": 1.0,
            "count": 30
        }
    },
    "metadata": {
        "timer_format_version": "0.1.0",
        "start_time_seconds": "1637650959",
        "python_version": "3.7.9 (tags/v3.7.9:13c94747c7, Aug 17 2020, 18:58:18) [MSC v.1900 64 bit (AMD64)]",
        "command_line_arguments": "C:\\Users\\juhansae\\.virtualenvs\\ml-agents-release_18-ZGNVhdj7\\Scripts\\mlagents-learn .\\KSC_Curiosity.yaml --run-id=KSC_Curiosity --force",
        "mlagents_version": "0.27.0",
        "mlagents_envs_version": "0.27.0",
        "communication_protocol_version": "1.5.0",
        "pytorch_version": "1.7.1+cu110",
        "numpy_version": "1.21.4",
        "end_time_seconds": "1637652871"
    },
    "total": 1912.5789174000001,
    "count": 1,
    "self": 0.004673300000149538,
    "children": {
        "run_training.setup": {
            "total": 0.07054550000000004,
            "count": 1,
            "self": 0.07054550000000004
        },
        "TrainerController.start_learning": {
            "total": 1912.5036986,
            "count": 1,
            "self": 1.5614060999967023,
            "children": {
                "TrainerController._reset_env": {
                    "total": 11.3890515,
                    "count": 1,
                    "self": 11.3890515
                },
                "TrainerController.advance": {
                    "total": 1899.4415686000032,
                    "count": 95236,
                    "self": 1.6574114999916674,
                    "children": {
                        "env_step": {
                            "total": 1068.8189492000079,