{
    "name": "root",
    "gauges": {
        "KSC_RND.Policy.Entropy.mean": {
            "value": 0.799238920211792,
            "min": 0.7610421180725098,
            "max": 1.8736050128936768,
            "count": 93
        },
        "KSC_RND.Policy.Entropy.sum": {
            "value": 24015.53125,
            "min": 23013.9140625,
            "max": 57796.96875,
            "count": 93
        },
        "KSC_RND.Step.mean": {
            "value": 2999934.0,
            "min": 239924.0,
            "max": 2999934.0,
            "count": 93
        },
        "KSC_RND.Step.sum": {
            "value": 2999934.0,
            "min": 239924.0,
            "max": 2999934.0,
            "count": 93
        },
        "KSC_RND.Policy.ExtrinsicValueEstimate.mean": {
            "value": 0.03626161813735962,
            "min": -0.007687542121857405,
            "max": 0.056384388357400894,
            "count": 93
        },
        "KSC_RND.Policy.ExtrinsicValueEstimate.sum": {
            "value": 9.065404891967773,
            "min": -1.9449481964111328,
            "max": 14.208866119384766,
            "count": 93
        },
        "KSC_RND.Policy.RndValueEstimate.mean": {
            "value": 0.01859983801841736,
            "min": 0.018154863268136978,
            "max": 0.12874795496463776,
            "count": 93
        },
        "KSC_RND.Policy.RndValueEstimate.sum": {
            "value": 4.649959564208984,
            "min": 4.601325988769531,
            "max": 32.186988830566406,
            "count": 93
        },
        "KSC_RND.Environment.EpisodeLength.mean": {
            "value": 587.98,
            "min": 381.68831168831167,
            "max": 599.0,
            "count": 93
        },
        "KSC_RND.Environment.EpisodeLength.sum": {
            "value": 29399.0,
            "min": 18402.0,
            "max": 32424.0,
            "count": 93
        },
        "KSC_RND.Environment.CumulativeReward.mean": {
            "value": 0.20408163265306123,
            "min": 0.0,
            "max": 0.3148148148148148,
            "count": 93
        },
        "KSC_RND.Environment.CumulativeReward.sum": {
            "value": 10.0,
            "min": 0.0,
            "max": 17.0,
            "count": 93
        },
        "KSC_RND.Policy.ExtrinsicReward.mean": {
            "value": 0.20408163265306123,
            "min": 0.0,
            "max": 0.3148148148148148,
            "count": 93
        },
        "KSC_RND.Policy.ExtrinsicReward.sum": {
            "value": 10.0,
            "min": 0.0,
            "max": 17.0,
            "count": 93
        },
        "KSC_RND.Policy.RndReward.mean": {
            "value": 0.10871062752771743,
            "min": 0.10313851394435777,
            "max": 1.5982681901796776,
            "count": 93
        },
        "KSC_RND.Policy.RndReward.sum": {
            "value": 5.326820748858154,
            "min": 5.316956523340195,
            "max": 54.34111846610904,
            "count": 93
        },
        "KSC_RND.Losses.PolicyLoss.mean": {
            "value": 0.04601349298969754,
            "min": 0.042072841099515146,
            "max": 0.05198910872457504,
            "count": 93
        },
        "KSC_RND.Losses.PolicyLoss.sum": {
            "value": 0.6441889018557656,
            "min": 0.3155907636689436,
            "max": 0.7382908888782065,
            "count": 93
        },
        "KSC_RND.Losses.ValueLoss.mean": {
            "value": 0.001528696431922158,
            "min": 0.00010224650520993035,
            "max": 0.038576250215313246,
            "count": 93
        },
        "KSC_RND.Losses.ValueLoss.sum": {
            "value": 0.021401750046910212,
            "min": 0.0015336975781489552,
            "max": 0.2700337515071927,
            "count": 93
        },
        "KSC_RND.Policy.LearningRate.mean": {
            "value": 1.4308780945023777e-06,
            "min": 1.4308780945023777e-06,
            "max": 0.0002768807648492714,
            "count": 93
        },
        "KSC_RND.Policy.LearningRate.sum": {
            "value": 2.0032293323033286e-05,
            "min": 2.0032293323033286e-05,
            "max": 0.003802708132430699,
            "count": 93
        },
        "KSC_RND.Policy.Epsilon.mean": {
            "value": 0.1004769261904762,
            "min": 0.1004769261904762,
            "max": 0.19229358571428573,
            "count": 93
        },
        "KSC_RND.Policy.Epsilon.sum": {
            "value": 1.4066769666666668,
            "min": 1.3460551,
            "max": 2.7675693,
            "count": 93
        },
        "KSC_RND.Policy.Beta.mean": {
            "value": 5.7644926428571314e-05,
            "min": 5.7644926428571314e-05,
            "max": 0.009230129212857143,
            "count": 93
        },
        "KSC_RND.Policy.Beta.sum": {
            "value": 0.0008070289699999984,
            "min": 0.0008070289699999984,
            "max": 0.12678017307,
            "count": 93
        },
        "KSC_RND.Losses.RNDLoss.mean": {
            "value": 0.01820836029946804,
            "min": 0.0176196601241827,
            "max": 0.24165000021457672,
            "count": 93
        },
        "KSC_RND.Losses.RNDLoss.sum": {
            "value": 0.25491705536842346,
            "min": 0.2493964582681656,
            "max": 1.6915500164031982,
            "count": 93
        },
        "KSC_RND.IsTraining.mean": {
            "value": 1.0,
            "min": 1.0,
            "max": 1.0,
            "count": 93
        },
        "KSC_RND.IsTraining.sum": {
            "value": 1.0,
            "min": 1.0,
            "max": 1.0,
            "count": 93
        }
    },
    "metadata": {
        "timer_format_version": "0.1.0",
        "start_time_seconds": "1637657212",
        "python_version": "3.7.9 (tags/v3.7.9:13c94747c7, Aug 17 2020, 18:58:18) [MSC v.1900 64 bit (AMD64)]",
        "command_line_arguments": "C:\\Users\\juhansae\\.virtualenvs\\ml-agents-release_18-ZGNVhdj7\\Scripts\\mlagents-learn .\\KSC_RND.yaml --run-id=KSC_RND_2 --resume",
        "mlagents_version": "0.27.0",
        "mlagents_envs_version": "0.27.0",
        "communication_protocol_version": "1.5.0",
        "pytorch_version": "1.7.1+cu110",
        "numpy_version": "1.21.4",
        "end_time_seconds": "1637661309"
    },
    "total": 4097.5551047,
    "count": 1,
    "self": 0.0055867000000944245,
    "children": {
        "run_training.setup": {
            "total": 0.07714540000000014,
            "count": 1,
            "self": 0.07714540000000014
        },
        "TrainerController.start_learning": {
            "total": 4097.4723726,
            "count": 1,
            "self": 3.0098462000291875,
            "children": {
                "TrainerController._reset_env": {
                    "total": 4.9680374,
                    "count": 1,
                    "self": 4.9680374
                },
                "TrainerController.advance": {
                    "total": 4089.39992889997,
                    "count": 177471,
                    "self": 3.2632997000669093,
                    "children": {
                        "env_step": {
                            "total": 2454.5672069999064,
                            "count": 177471,
                            "self": 1830.9369058999844,
                            "children": {
                                "SubprocessEnvManager._take_step": {
                                    "total": 621.7961175000179,
                                    "count": 177471,
                                    "self": 8.247082100118064,
                                    "children": {
                                        "TorchPolicy.evaluate": {
                                            "total": 613.5490353998998,
                                            "count": 173782,
                                            "self": 209.1726733998944,