{
    "name": "root",
    "gauges": {
        "KSC_RND.Policy.Entropy.mean": {
            "value": 1.5005170106887817,
            "min": 1.5005170106887817,
            "max": 1.801228404045105,
            "count": 16
        },
        "KSC_RND.Policy.Entropy.sum": {
            "value": 44871.4609375,
            "min": 44871.4609375,
            "max": 53656.78125,
            "count": 16
        },
        "KSC_RND.Environment.EpisodeLength.mean": {
            "value": 131.53275109170306,
            "min": 131.53275109170306,
            "max": 452.75757575757575,
            "count": 16
        },
        "KSC_RND.Environment.EpisodeLength.sum": {
            "value": 30121.0,
            "min": 27709.0,
            "max": 31514.0,
            "count": 16
        },
        "KSC_RND.Step.mean": {
            "value": 629982.0,
            "min": 179946.0,
            "max": 629982.0,
            "count": 16
        },
        "KSC_RND.Step.sum": {
            "value": 629982.0,
            "min": 179946.0,
            "max": 629982.0,
            "count": 16
        },
        "KSC_RND.Policy.ExtrinsicValueEstimate.mean": {
            "value": -0.08539874106645584,
            "min": -0.14309468865394592,
            "max": -0.08174911886453629,
            "count": 16
        },
        "KSC_RND.Policy.ExtrinsicValueEstimate.sum": {
            "value": -31.085142135620117,
            "min": -38.14251708984375,
            "max": -25.66922378540039,
            "count": 16
        },
        "KSC_RND.Policy.RndValueEstimate.mean": {
            "value": 0.050555817782878876,
            "min": 0.04635810852050781,
            "max": 0.3769809603691101,
            "count": 16
        },
        "KSC_RND.Policy.RndValueEstimate.sum": {
            "value": 18.40231704711914,
            "min": 16.54984474182129,
            "max": 99.14599609375,
            "count": 16
        },
        "KSC_RND.Environment.CumulativeReward.mean": {
            "value": -0.21419506569547522,
            "min": -0.7208434979600663,
            "max": -0.21419506569547522,
            "count": 16
        },
        "KSC_RND.Environment.CumulativeReward.sum": {
            "value": -49.050670044263825,
            "min": -52.60100445896387,
            "max": -42.53367022285238,
            "count": 16
        },
        "KSC_RND.Policy.ExtrinsicReward.mean": {
            "value": -0.21419506569547522,
            "min": -0.7208434979600663,
            "max": -0.21419506569547522,
            "count": 16
        },
        "KSC_RND.Policy.ExtrinsicReward.sum": {
            "value": -49.050670044263825,
            "min": -52.60100445896387,
            "max": -42.53367022285238,
            "count": 16
        },
        "KSC_RND.Policy.RndReward.mean": {
            "value": 0.07626001384159078,
            "min": 0.07626001384159078,
            "max": 1.53891571216765,
            "count": 16
        },
        "KSC_RND.Policy.RndReward.sum": {
            "value": 17.46354316972429,
            "min": 17.46354316972429,
            "max": 101.5684370030649,
            "count": 16
        },
        "KSC_RND.Losses.PolicyLoss.mean": {
            "value": 0.0478141226866726,
            "min": 0.044059241002070766,
            "max": 0.05112325509045539,
            "count": 16
        },
        "KSC_RND.Losses.PolicyLoss.sum": {
            "value": 0.6693977176134164,
            "min": 0.5953256927990364,
            "max": 0.7214398574045238,
            "count": 16
        },
        "KSC_RND.Losses.ValueLoss.mean": {
            "value": 0.00049682875682525,
            "min": 0.00027570955015627466,
            "max": 0.011699735179169739,
            "count": 16
        },
        "KSC_RND.Losses.ValueLoss.sum": {
            "value": 0.0069556025955535,
            "min": 0.0038599337021878455,
            "max": 0.1520965573292066,
            "count": 16
        },
        "KSC_RND.Policy.LearningRate.mean": {
            "value": 0.00023843268480815954,
            "min": 0.00023843268480815954,
            "max": 0.000283418767065541,
            "count": 16
        },
        "KSC_RND.Policy.LearningRate.sum": {
            "value": 0.0033380575873142334,
            "min": 0.0033380575873142334,
            "max": 0.0040724824425059,
            "count": 16
        },
        "KSC_RND.Policy.Epsilon.mean": {
            "value": 0.17947755476190475,
            "min": 0.17947755476190475,
            "max": 0.19447292051282053,
            "count": 16
        },
        "KSC_RND.Policy.Epsilon.sum": {
            "value": 2.5126857666666664,
            "min": 2.5126857666666664,
            "max": 2.8574941,
            "count": 16
        },
        "KSC_RND.Policy.Beta.mean": {
            "value": 0.007949807720714287,
            "min": 0.007949807720714287,
            "max": 0.009447844759230769,
            "count": 16
        },
        "KSC_RND.Policy.Beta.sum": {
            "value": 0.11129730809,
            "min": 0.11129730809,
            "max": 0.13576366059,
            "count": 16
        },
        "KSC_RND.Losses.RNDLoss.mean": {
            "value": 0.05738196521997452,
            "min": 0.05738196521997452,
            "max": 0.32204219698905945,
            "count": 16
        },
        "KSC_RND.Losses.RNDLoss.sum": {
            "value": 0.8033475279808044,
            "min": 0.8033475279808044,
            "max": 4.186548709869385,
            "count": 16
        },
        "KSC_RND.IsTraining.mean": {
            "value": 1.0,
            "min": 1.0,
            "max": 1.0,
            "count": 16
        },
        "KSC_RND.IsTraining.sum": {
            "value": 1.0,
            "min": 1.0,
            "max": 1.0,
            "count": 16
        }
    },
    "metadata": {
        "timer_format_version": "0.1.0",
        "start_time_seconds": "1637653778",
        "python_version": "3.7.9 (tags/v3.7.9:13c94747c7, Aug 17 2020, 18:58:18) [MSC v.1900 64 bit (AMD64)]",
        "command_line_arguments": "C:\\Users\\juhansae\\.virtualenvs\\ml-agents-release_18-ZGNVhdj7\\Scripts\\mlagents-learn .\\KSC_RND.yaml --run-id=KSC_RND --resume",
        "mlagents_version": "0.27.0",
        "mlagents_envs_version": "0.27.0",
        "communication_protocol_version": "1.5.0",
        "pytorch_version": "1.7.1+cu110",
        "numpy_version": "1.21.4",
        "end_time_seconds": "1637656116"
    },
    "total": 2337.6030665000003,
    "count": 1,
    "self": 0.004583600000387378,
    "children": {
        "run_training.setup": {
            "total": 0.07512940000000001,
            "count": 1,
            "self": 0.07512940000000001
        },
        "TrainerController.start_learning": {
            "total": 2337.5233534999998,
            "count": 1,
            "self": 0.5599393999900713,
            "children": {
                "TrainerController._reset_env": {
                    "total": 5.8837092,
                    "count": 1,
                    "self": 5.8837092
                },
                "TrainerController.advance": {
                    "total": 2330.9699679000096,
                    "count": 32360,
                    "self": 0.5859950000080971,
                    "children": {
                        "env_step": {
                            "total": 2037.1735989000056,
                            "count": 32360,
                            "self": 1926.4948335000076,
                            "children": {
                                "SubprocessEnvManager._take_step": {
                                    "total": 110.33906669999604,
                                    "count": 32360,
                                    "self": 1.4903726000108293,
                                    "children": {
                                        "TorchPolicy.evaluate": {
                                            "total": 108.84869409998521,