{
    "name": "root",
    "gauges": {
        "KSC_RND.Policy.Entropy.mean": {
            "value": 1.1494200229644775,
            "min": 1.1494200229644775,
            "max": 2.1764981746673584,
            "count": 33
        },
        "KSC_RND.Policy.Entropy.sum": {
            "value": 36395.234375,
            "min": 33302.453125,
            "max": 69090.7578125,
            "count": 33
        },
        "KSC_RND.Environment.EpisodeLength.mean": {
            "value": 799.0,
            "min": 752.2352941176471,
            "max": 799.0,
            "count": 33
        },
        "KSC_RND.Environment.EpisodeLength.sum": {
            "value": 25568.0,
            "min": 25568.0,
            "max": 38352.0,
            "count": 33
        },
        "KSC_RND.Step.mean": {
            "value": 989962.0,
            "min": 29962.0,
            "max": 989962.0,
            "count": 33
        },
        "KSC_RND.Step.sum": {
            "value": 989962.0,
            "min": 29962.0,
            "max": 989962.0,
            "count": 33
        },
        "KSC_RND.Policy.ExtrinsicValueEstimate.mean": {
            "value": 0.001553144189529121,
            "min": -0.1916329264640808,
            "max": 0.012029144912958145,
            "count": 33
        },
        "KSC_RND.Policy.ExtrinsicValueEstimate.sum": {
            "value": 0.4022643566131592,
            "min": -49.824562072753906,
            "max": 3.2598981857299805,
            "count": 33
        },
        "KSC_RND.Policy.RndValueEstimate.mean": {
            "value": 0.04775775223970413,
            "min": 0.04775775223970413,
            "max": 2.3562400341033936,
            "count": 33
        },
        "KSC_RND.Policy.RndValueEstimate.sum": {
            "value": 12.369257926940918,
            "min": 12.369257926940918,
            "max": 612.6224365234375,
            "count": 33
        },
        "KSC_RND.Environment.CumulativeReward.mean": {
            "value": 0.030303030303030304,
            "min": 0.0,
            "max": 0.03125,
            "count": 33
        },
        "KSC_RND.Environment.CumulativeReward.sum": {
            "value": 1.0,
            "min": 0.0,
            "max": 1.0,
            "count": 33
        },
        "KSC_RND.Policy.ExtrinsicReward.mean": {
            "value": 0.030303030303030304,
            "min": 0.0,
            "max": 0.03125,
            "count": 33
        },
        "KSC_RND.Policy.ExtrinsicReward.sum": {
            "value": 1.0,
            "min": 0.0,
            "max": 1.0,
            "count": 33
        },
        "KSC_RND.Policy.RndReward.mean": {
            "value": 0.3813689378174869,
            "min": 0.3813689378174869,
            "max": 39.711657867931265,
            "count": 33
        },
        "KSC_RND.Policy.RndReward.sum": {
            "value": 12.585174947977066,
            "min": 12.585174947977066,
            "max": 1350.196367509663,
            "count": 33
        },
        "KSC_RND.Losses.PolicyLoss.mean": {
            "value": 0.05034830426955627,
            "min": 0.044176369056149516,
            "max": 0.05262044498881934,
            "count": 33
        },
        "KSC_RND.Losses.PolicyLoss.sum": {
            "value": 0.5538313469651189,
            "min": 0.44787880868254293,
            "max": 0.5788248948770127,
            "count": 33
        },
        "KSC_RND.Losses.ValueLoss.mean": {
            "value": 0.00021333345399269629,
            "min": 5.651395306678616e-05,
            "max": 0.2655793046899554,
            "count": 33
        },
        "KSC_RND.Losses.ValueLoss.sum": {
            "value": 0.002346667993919659,
            "min": 0.0005651395306678616,
            "max": 2.6557930468995536,
            "count": 33
        },
        "KSC_RND.Policy.LearningRate.mean": {
            "value": 7.272152121436364e-06,
            "min": 7.272152121436364e-06,
            "max": 0.00029529876156707995,
            "count": 33
        },
        "KSC_RND.Policy.LearningRate.sum": {
            "value": 7.99936733358e-05,
            "min": 7.99936733358e-05,
            "max": 0.0031495350501549993,
            "count": 33
        },
        "KSC_RND.Policy.Epsilon.mean": {
            "value": 0.1024240181818182,
            "min": 0.1024240181818182,
            "max": 0.19843292000000004,
            "count": 33
        },
        "KSC_RND.Policy.Epsilon.sum": {
            "value": 1.1266642000000002,
            "min": 1.0540508000000002,
            "max": 2.149845,
            "count": 33
        },
        "KSC_RND.Policy.Beta.mean": {
            "value": 0.0002521594163636364,
            "min": 0.0002521594163636364,
            "max": 0.009843448708,
            "count": 33
        },
        "KSC_RND.Policy.Beta.sum": {
            "value": 0.0027737535800000006,
            "min": 0.0027737535800000006,
            "max": 0.1049895155,
            "count": 33
        },
        "KSC_RND.Losses.RNDLoss.mean": {
            "value": 0.0469910129904747,
            "min": 0.0469910129904747,
            "max": 4.833778381347656,
            "count": 33
        },
        "KSC_RND.Losses.RNDLoss.sum": {
            "value": 0.5169011354446411,
            "min": 0.4844678044319153,
            "max": 48.33778381347656,
            "count": 33
        },
        "KSC_RND.IsTraining.mean": {
            "value": 1.0,
            "min": 1.0,
            "max": 1.0,
            "count": 33
        },
        "KSC_RND.IsTraining.sum": {
            "value": 1.0,
            "min": 1.0,
            "max": 1.0,
            "count": 33
        }
    },
    "metadata": {
        "timer_format_version": "0.1.0",
        "start_time_seconds": "1637679970",
        "python_version": "3.7.9 (tags/v3.7.9:13c94747c7, Aug 17 2020, 18:58:18) [MSC v.1900 64 bit (AMD64)]",
        "command_line_arguments": "C:\\Users\\juhansae\\.virtualenvs\\ml-agents-release_18-ZGNVhdj7\\Scripts\\mlagents-learn .\\KSC_RND.yaml --run-id=KSC_RND_4 --force",
        "mlagents_version": "0.27.0",
        "mlagents_envs_version": "0.27.0",
        "communication_protocol_version": "1.5.0",
        "pytorch_version": "1.7.1+cu110",
        "numpy_version": "1.21.4",
        "end_time_seconds": "1637681354"
    },
    "total": 1384.3751299,
    "count": 1,
    "self": 0.006299500000068292,
    "children": {
        "run_training.setup": {
            "total": 0.07245999999999997,
            "count": 1,
            "self": 0.07245999999999997
        },
        "TrainerController.start_learning": {
            "total": 1384.2963704,
            "count": 1,
            "self": 1.031637199988836,
            "children": {
                "TrainerController._reset_env": {
                    "total": 5.415397899999999,
                    "count": 1,
                    "self": 5.415397899999999
                },
                "TrainerController.advance": {
                    "total": 1377.7560232000112,
                    "count": 62607,
                    "self": 1.1250019000456177,
                    "children": {
                        "env_step": {
                            "total": 826.7436866999925,
                            "count": 62607,
                            "self": 558.8959130999815,
                            "children": {
                                "SubprocessEnvManager._take_step": {
                                    "total": 267.1945934000116,
                                    "count": 62607,
                                    "self": 3.2044317999944383,
                                    "children": {
                                        "TorchPolicy.evaluate": {
                                            "total": 263.9901616000172,
                                            "count": 62528,
                                            "self": 107.77733800004057,